{"cameraMode":{"drawMode":0,"name":"Shaded","section":"Shading Mode"},"sceneLighting":false,"audioPlay":false,"sceneViewState":{"showFog":true,"showMaterialUpdate":false,"showSkybox":false,"showFlares":true,"showImageEffects":true,"showParticleSystems":true},"in2DMode":false,"pivot":{"x":130.17587280273438,"y":421.3966979980469,"z":3.9596633911132814},"rotation":{"x":-0.15710222721099854,"y":-0.19068993628025056,"z":0.030934471637010576,"w":-0.9685139060020447},"size":149.3409423828125,"orthographic":false}