{"cameraMode":{"drawMode":0,"name":"Shaded","section":"Shading Mode"},"sceneLighting":true,"audioPlay":false,"sceneViewState":{"showFog":true,"showMaterialUpdate":false,"showSkybox":true,"showFlares":true,"showImageEffects":true,"showParticleSystems":true},"in2DMode":false,"pivot":{"x":710.5772705078125,"y":599.4526977539063,"z":-530.4488525390625},"rotation":{"x":-0.21693706512451173,"y":0.07371696084737778,"z":-0.016430683434009553,"w":-0.973272979259491},"size":38.34022521972656,"orthographic":false}