{"cameraMode":{"drawMode":0,"name":"Shaded","section":"Shading Mode"},"sceneLighting":false,"audioPlay":false,"sceneViewState":{"showFog":true,"showMaterialUpdate":false,"showSkybox":false,"showFlares":true,"showImageEffects":true,"showParticleSystems":true},"in2DMode":false,"pivot":{"x":-0.8608534336090088,"y":-0.11785018444061279,"z":-1.0711085796356202},"rotation":{"x":-0.07656677067279816,"y":0.8600760698318481,"z":-0.13554324209690095,"w":-0.48584333062171938},"size":3.7578835487365724,"orthographic":false}