{"cameraMode":{"drawMode":0,"name":"Shaded","section":"Shading Mode"},"sceneLighting":true,"audioPlay":false,"sceneViewState":{"showFog":true,"showMaterialUpdate":false,"showSkybox":true,"showFlares":true,"showImageEffects":true,"showParticleSystems":true},"in2DMode":false,"pivot":{"x":-218.09121704101563,"y":-226.3457794189453,"z":224.37335205078126},"rotation":{"x":0.2828580439090729,"y":-0.34078019857406618,"z":0.10873664170503617,"w":0.8902088403701782},"size":413.6151123046875,"orthographic":false}