{"cameraMode":{"drawMode":0,"name":"Shaded","section":"Shading Mode"},"sceneLighting":true,"audioPlay":false,"sceneViewState":{"showFog":true,"showMaterialUpdate":false,"showSkybox":true,"showFlares":true,"showImageEffects":true,"showParticleSystems":true},"in2DMode":false,"pivot":{"x":623.0781860351563,"y":134.52496337890626,"z":422.08935546875},"rotation":{"x":0.15062391757965089,"y":0.16857734322547913,"z":-0.02537776716053486,"w":0.9740226864814758},"size":896.4057006835938,"orthographic":false}