{"cameraMode":{"drawMode":0,"name":"Shaded","section":"Shading Mode"},"sceneLighting":false,"audioPlay":false,"sceneViewState":{"showFog":true,"showMaterialUpdate":false,"showSkybox":false,"showFlares":true,"showImageEffects":true,"showParticleSystems":true},"in2DMode":false,"pivot":{"x":72.6692123413086,"y":-32.14039611816406,"z":26.900070190429689},"rotation":{"x":-0.19217252731323243,"y":-0.5604500770568848,"z":0.13550376892089845,"w":-0.7943906188011169},"size":84.9873046875,"orthographic":false}