{"cameraMode":{"drawMode":0,"name":"Shaded","section":"Shading Mode"},"sceneLighting":true,"audioPlay":false,"sceneViewState":{"showFog":true,"showMaterialUpdate":false,"showSkybox":true,"showFlares":true,"showImageEffects":true,"showParticleSystems":true},"in2DMode":false,"pivot":{"x":24.534948348999025,"y":-3.134756088256836,"z":9.007804870605469},"rotation":{"x":0.1441676765680313,"y":0.5020862221717835,"z":-0.08533288538455963,"w":0.8485307693481445},"size":22.587968826293947,"orthographic":false}